{"cameraMode":{"drawMode":0,"name":"Shaded","section":"Shading Mode"},"sceneLighting":true,"audioPlay":false,"sceneViewState":{"showFog":true,"showMaterialUpdate":false,"showSkybox":true,"showFlares":true,"showImageEffects":true,"showParticleSystems":true},"in2DMode":false,"pivot":{"x":689.2999877929688,"y":69.19999694824219,"z":413.3999938964844},"rotation":{"x":-0.0007060709758661687,"y":0.9971661567687988,"z":-0.07492884248495102,"w":-0.009285940788686276},"size":54.92961502075195,"orthographic":false}