{"cameraMode":{"drawMode":0,"name":"Shaded","section":"Shading Mode"},"sceneLighting":true,"audioPlay":false,"sceneViewState":{"showFog":true,"showMaterialUpdate":false,"showSkybox":true,"showFlares":true,"showImageEffects":true,"showParticleSystems":true},"in2DMode":false,"pivot":{"x":684.08056640625,"y":116.63920593261719,"z":481.718994140625},"rotation":{"x":-0.07936327904462815,"y":0.9194835424423218,"z":-0.24706602096557618,"w":-0.2953612804412842},"size":79.16877746582031,"orthographic":false}