{"cameraMode":{"drawMode":0,"name":"Shaded","section":"Shading Mode"},"sceneLighting":true,"audioPlay":false,"sceneViewState":{"showFog":true,"showMaterialUpdate":false,"showSkybox":true,"showFlares":true,"showImageEffects":true,"showParticleSystems":true},"in2DMode":false,"pivot":{"x":437.31658935546877,"y":47.053871154785159,"z":873.3496704101563},"rotation":{"x":-0.153392493724823,"y":0.6519390940666199,"z":-0.13681045174598695,"w":-0.729962944984436},"size":82.71585845947266,"orthographic":false}