{"cameraMode":{"drawMode":0,"name":"Shaded","section":"Shading Mode"},"sceneLighting":true,"audioPlay":false,"sceneViewState":{"showFog":true,"showMaterialUpdate":false,"showSkybox":true,"showFlares":true,"showImageEffects":true,"showParticleSystems":true},"in2DMode":false,"pivot":{"x":464.0601806640625,"y":76.49491882324219,"z":795.77294921875},"rotation":{"x":-0.2951558828353882,"y":0.3984532654285431,"z":-0.1371511071920395,"w":-0.8575093746185303},"size":1051.1531982421875,"orthographic":false}