{"cameraMode":{"drawMode":0,"name":"Shaded","section":"Shading Mode"},"sceneLighting":true,"audioPlay":false,"sceneViewState":{"showFog":true,"showMaterialUpdate":false,"showSkybox":true,"showFlares":true,"showImageEffects":true,"showParticleSystems":true},"in2DMode":false,"pivot":{"x":457.1696472167969,"y":-71.14379119873047,"z":532.3740844726563},"rotation":{"x":0.3795287609100342,"y":-0.12353693693876267,"z":0.051205702126026157,"w":0.9154824614524841},"size":872.49072265625,"orthographic":false}