{"cameraMode":{"drawMode":0,"name":"Shaded","section":"Shading Mode"},"sceneLighting":true,"audioPlay":false,"sceneViewState":{"showFog":true,"showMaterialUpdate":false,"showSkybox":true,"showFlares":true,"showImageEffects":true,"showParticleSystems":true},"in2DMode":false,"pivot":{"x":701.7012939453125,"y":98.31260681152344,"z":420.54583740234377},"rotation":{"x":0.0022930765990167858,"y":0.9955215454101563,"z":-0.09134643524885178,"w":0.025080593302845956},"size":85.73651885986328,"orthographic":false}