{"cameraMode":{"drawMode":0,"name":"Shaded","section":"Shading Mode"},"sceneLighting":true,"audioPlay":false,"sceneViewState":{"showFog":true,"showMaterialUpdate":false,"showSkybox":true,"showFlares":true,"showImageEffects":true,"showParticleSystems":true},"in2DMode":false,"pivot":{"x":464.0601806640625,"y":76.49491882324219,"z":795.77294921875},"rotation":{"x":-0.19776086509227754,"y":-0.7621596455574036,"z":0.2726091742515564,"w":-0.5528950095176697},"size":1154.7637939453125,"orthographic":false}