{"cameraMode":{"drawMode":0,"name":"Shaded","section":"Shading Mode"},"sceneLighting":true,"audioPlay":false,"sceneViewState":{"showFog":true,"showMaterialUpdate":false,"showSkybox":true,"showFlares":true,"showImageEffects":true,"showParticleSystems":true},"in2DMode":false,"pivot":{"x":464.0601806640625,"y":76.49491882324219,"z":795.77294921875},"rotation":{"x":-0.11598419398069382,"y":0.19239123165607453,"z":-0.02290617860853672,"w":-0.9741780757904053},"size":1051.1531982421875,"orthographic":false}